Notes,Drop,NEW_AUTHORS,Publication.Link,Title,Cited.By,Cited.By.Link,X_LLM_Title,X_LLM_Journal,X_LLM_Publisher,X_LLM_Year,X_LLM_Authors,X_LLM_Affiliations,X_LLM_Abstract,X_LLM_Keywords,X_LLM_Funders,X_LLM_Study_Area,X_LLM_Methods,child_authors_and_venue,child_year_guess,child_snippet,child_pdf_link,child_position,X_LLM_SourceUsed,X_LLM_DOI,X_LLM_Authors_Clean,X_LLM_Authors_IDs,X_LLM_Authors_Parsed,Publisher,pub_id,parent_pub_id,row_id
Drop in favor of row 107,1,,https://pubs.usgs.gov/publication/ofr20191023D/full,"Focus areas for data acquisition for potential domestic resources of 13 critical minerals in the conterminous United States and Puerto Rico‚ÄîAntimony, barite ‚Ä¶",12,"https://scholar.google.com/scholar?cites=17720447336151449299&as_sdt=40005&sciodt=0,10&hl=en&num=20; https://scholar.google.com/scholar?cites=17720447336151449299&as_sdt=5,50&sciodt=0,50&hl=en&num=20; https://scholar.google.com/scholar?cites=17720447336151449299&as_sdt=2005&sciodt=0,5&hl=en&num=20; https://scholar.google.com/scholar?cites=17720447336151449299&as_sdt=5,44&sciodt=0,44&hl=en&num=20",Earth Mapping Resources Initiative (Earth MRI) Phase 3: Critical Minerals Assessment,NA,NA; U.S. Geological Survey,2021,Gregory J. Walsh (U.S. Geological Survey); Arthur Merschat (U.S. Geological Survey); Christopher Swezey (U.S. Geological Survey); David Soller (U.S. Geological Survey); Drew Siler (U.S. Geological Survey); William L. Lassetter (Virginia Division of Geology and Mineral Resources); Guy Means (Florida Geological Survey); Fred Denny (Illinois State Geological Survey); Ranie M. Lynds (Wyoming State Geological Survey); Melanie B. Werdon (Alaska Division of Geological and Geophysical Surveys); Erica Key (California Geological Survey); Gregory J. Walsh (U.S. Geological Survey); Arthur Merschat (U.S. Geological Survey); Christopher Swezey (U.S. Geological Survey); David Soller (U.S. Geological Survey); Drew Siler (U.S. Geological Survey); William L. Lassetter (Virginia Division of Geology and Mineral Resources); Guy Means (Florida Geological Survey); Fred Denny (Illinois State Geological Survey); Ranie M. Lynds (Wyoming State Geological Survey); Melanie B. Werdon (Alaska Division of Geological and Geophysical Surveys); Erica Key (California Geological Survey); Ryan Taylor (U.S. Geological Survey); Brad Van Gosen (U.S. Geological Survey),U.S. Geological Survey; Virginia Division of Geology and Mineral Resources; Florida Geological Survey; Illinois State Geological Survey; Wyoming State Geological Survey; Alaska Division of Geological and Geophysical Surveys; California Geological Survey,This report describes the data sources and summary results for 13 critical minerals evaluated in the conterminous United States and Puerto Rico during phase 3 of the Earth Mapping Resources Initiative (Earth MRI).; This report describes the data sources and summary results for 13 critical minerals evaluated in the conterminous United States and Puerto Rico during phase 3 of the study. The Earth Mapping Resources Initiative (Earth MRI) aims to identify areas for acquiring new geologic framework data to identify potential domestic resources of critical minerals.,critical minerals; Earth Mapping Resources Initiative; geological mapping; geophysical surveys; critical minerals; geologic mapping; Earth Mapping Resources Initiative; mineral systems; geophysical surveys; critical minerals; geological mapping; Earth Mapping Resources Initiative; geophysical surveys; critical minerals; geologic mapping; Earth Mapping Resources Initiative; mineral systems,National Cooperative Geologic Mapping Program,Conterminous United States and Puerto Rico,geologic mapping; geochemical mapping; topographic mapping; geophysical surveys; geologic mapping; geochemical mapping; topographic mapping; geophysical surveys; workshops,"JM Hammarstrom, CL Dicken, LG Woodruff‚Ä¶ - 2022 - pubs.usgs.gov",2022,Abstract The Earth Mapping Resources Initiative (Earth MRI) is conducted in phases to identify areas for acquiring new geologic framework data to identify potential domestic ‚Ä¶,NA,3; 1; 4; 14,URL:html,NA,"Walsh, G. J.; Merschat, A. r. t. h. u. r.; Swezey, C. h. r. i. s. t. o. p. h. e. r.; Soller, D. a. v. i. d.; Siler, D. r. e. w.; Lassetter, William L.; Means, G. u. y.; Denny, F. r. e. d.; Lynds, Ranie M.; Werdon, M. B.; Key, E. r. i. c. a.",1207; 787; 1134; 1092; 1073; 670; 781; 285; 721; 1230; 623,"Walsh, Gregory J.; Merschat, Arthur; Swezey, C S; Soller, David; Siler, Drew; Lassetter, William L.; Means, Guy; Denny, Fred; Lynds, Ranie M.; Werdon, Melanie B.; Key, Erica",U.S. Geological Survey,238,20; 21; 27; 3; 8; 4,100
Drop in favor of row 107,1,,https://pubs.usgs.gov/publication/ofr20191023D/full,"Focus areas for data acquisition for potential domestic resources of 13 critical minerals in the conterminous United States and Puerto Rico‚ÄîAntimony, barite ‚Ä¶",12,"https://scholar.google.com/scholar?cites=17720447336151449299&as_sdt=40005&sciodt=0,10&hl=en&num=20; https://scholar.google.com/scholar?cites=17720447336151449299&as_sdt=5,50&sciodt=0,50&hl=en&num=20; https://scholar.google.com/scholar?cites=17720447336151449299&as_sdt=2005&sciodt=0,5&hl=en&num=20; https://scholar.google.com/scholar?cites=17720447336151449299&as_sdt=5,44&sciodt=0,44&hl=en&num=20",Earth Mapping Resources Initiative (Earth MRI) Phase 3: Critical Minerals Assessment,NA,NA; U.S. Geological Survey,2021,Gregory J. Walsh (U.S. Geological Survey); Arthur Merschat (U.S. Geological Survey); Christopher Swezey (U.S. Geological Survey); David Soller (U.S. Geological Survey); Drew Siler (U.S. Geological Survey); William L. Lassetter (Virginia Division of Geology and Mineral Resources); Guy Means (Florida Geological Survey); Fred Denny (Illinois State Geological Survey); Ranie M. Lynds (Wyoming State Geological Survey); Melanie B. Werdon (Alaska Division of Geological and Geophysical Surveys); Erica Key (California Geological Survey); Gregory J. Walsh (U.S. Geological Survey); Arthur Merschat (U.S. Geological Survey); Christopher Swezey (U.S. Geological Survey); David Soller (U.S. Geological Survey); Drew Siler (U.S. Geological Survey); William L. Lassetter (Virginia Division of Geology and Mineral Resources); Guy Means (Florida Geological Survey); Fred Denny (Illinois State Geological Survey); Ranie M. Lynds (Wyoming State Geological Survey); Melanie B. Werdon (Alaska Division of Geological and Geophysical Surveys); Erica Key (California Geological Survey); Ryan Taylor (U.S. Geological Survey); Brad Van Gosen (U.S. Geological Survey),U.S. Geological Survey; Virginia Division of Geology and Mineral Resources; Florida Geological Survey; Illinois State Geological Survey; Wyoming State Geological Survey; Alaska Division of Geological and Geophysical Surveys; California Geological Survey,This report describes the data sources and summary results for 13 critical minerals evaluated in the conterminous United States and Puerto Rico during phase 3 of the Earth Mapping Resources Initiative (Earth MRI).; This report describes the data sources and summary results for 13 critical minerals evaluated in the conterminous United States and Puerto Rico during phase 3 of the study. The Earth Mapping Resources Initiative (Earth MRI) aims to identify areas for acquiring new geologic framework data to identify potential domestic resources of critical minerals.,critical minerals; Earth Mapping Resources Initiative; geological mapping; geophysical surveys; critical minerals; geologic mapping; Earth Mapping Resources Initiative; mineral systems; geophysical surveys; critical minerals; geological mapping; Earth Mapping Resources Initiative; geophysical surveys; critical minerals; geologic mapping; Earth Mapping Resources Initiative; mineral systems,National Cooperative Geologic Mapping Program,Conterminous United States and Puerto Rico,geologic mapping; geochemical mapping; topographic mapping; geophysical surveys; geologic mapping; geochemical mapping; topographic mapping; geophysical surveys; workshops,"JM Hammarstrom, CL Dicken, LG Woodruff‚Ä¶ - 2022 - pubs.usgs.gov",2022,Abstract The Earth Mapping Resources Initiative (Earth MRI) is conducted in phases to identify areas for acquiring new geologic framework data to identify potential domestic ‚Ä¶,NA,3; 1; 4; 14,URL:html,NA,"Walsh, G. J.; Merschat, A. r. t. h. u. r.; Swezey, C. h. r. i. s. t. o. p. h. e. r.; Soller, D. a. v. i. d.; Siler, D. r. e. w.; Lassetter, William L.; Means, G. u. y.; Denny, F. r. e. d.; Lynds, Ranie M.; Werdon, M. B.; Key, E. r. i. c. a.; Taylor, R. y. a. n.; Gosen, Brad Van",1207; 787; 1134; 1092; 1073; 670; 781; 285; 721; 1230; 623; 1144; 429,"Walsh, Gregory J.; Merschat, Arthur; Swezey, C S; Soller, David; Siler, Drew; Lassetter, William L.; Means, Guy; Denny, Fred; Lynds, Ranie M.; Werdon, Melanie B.; Key, Erica; Taylor, Ryan; Gosen, B S Van",U.S. Geological Survey,238,20; 21; 27; 3; 8; 4,102
"Added full title, and removed all the Authors/Author_IDs since they are the acknowledgements. Replaced with real authors that could all be looked up In parent_authors.csv",,,https://pubs.usgs.gov/publication/ofr20191023D/full,"Focus areas for data acquisition for potential domestic resources of 13 critical minerals in the conterminous United States and Puerto Rico‚ÄîAntimony, barite ‚Ä¶",12,"https://scholar.google.com/scholar?cites=17720447336151449299&as_sdt=40005&sciodt=0,10&hl=en&num=20; https://scholar.google.com/scholar?cites=17720447336151449299&as_sdt=5,50&sciodt=0,50&hl=en&num=20; https://scholar.google.com/scholar?cites=17720447336151449299&as_sdt=2005&sciodt=0,5&hl=en&num=20; https://scholar.google.com/scholar?cites=17720447336151449299&as_sdt=5,44&sciodt=0,44&hl=en&num=20",Earth Mapping Resources Initiative (Earth MRI) Phase 3: Critical Minerals Assessment,NA,NA; U.S. Geological Survey,NA,Gregory J. Walsh (U.S. Geological Survey); Arthur Merschat (U.S. Geological Survey); Christopher Swezey (U.S. Geological Survey); David Soller (U.S. Geological Survey); Drew Siler (U.S. Geological Survey); William L. Lassetter (Virginia Division of Geology and Mineral Resources); Guy Means (Florida Geological Survey); Fred Denny (Illinois State Geological Survey); Ranie M. Lynds (Wyoming State Geological Survey); Melanie B. Werdon (Alaska Division of Geological and Geophysical Surveys); Erica Key (California Geological Survey); Gregory J. Walsh (U.S. Geological Survey); Arthur Merschat (U.S. Geological Survey); Christopher Swezey (U.S. Geological Survey); David Soller (U.S. Geological Survey); Drew Siler (U.S. Geological Survey); William L. Lassetter (Virginia Division of Geology and Mineral Resources); Guy Means (Florida Geological Survey); Fred Denny (Illinois State Geological Survey); Ranie M. Lynds (Wyoming State Geological Survey); Melanie B. Werdon (Alaska Division of Geological and Geophysical Surveys); Erica Key (California Geological Survey); Ryan Taylor (U.S. Geological Survey); Brad Van Gosen (U.S. Geological Survey),U.S. Geological Survey; Virginia Division of Geology and Mineral Resources; Florida Geological Survey; Illinois State Geological Survey; Wyoming State Geological Survey; Alaska Division of Geological and Geophysical Surveys; California Geological Survey,This report describes the data sources and summary results for 13 critical minerals evaluated in the conterminous United States and Puerto Rico during phase 3 of the Earth Mapping Resources Initiative (Earth MRI).; This report describes the data sources and summary results for 13 critical minerals evaluated in the conterminous United States and Puerto Rico during phase 3 of the study. The Earth Mapping Resources Initiative (Earth MRI) aims to identify areas for acquiring new geologic framework data to identify potential domestic resources of critical minerals.,critical minerals; Earth Mapping Resources Initiative; geological mapping; geophysical surveys; critical minerals; geologic mapping; Earth Mapping Resources Initiative; mineral systems; geophysical surveys; critical minerals; geological mapping; Earth Mapping Resources Initiative; geophysical surveys; critical minerals; geologic mapping; Earth Mapping Resources Initiative; mineral systems,National Cooperative Geologic Mapping Program,Conterminous United States and Puerto Rico,geologic mapping; geochemical mapping; topographic mapping; geophysical surveys; geologic mapping; geochemical mapping; topographic mapping; geophysical surveys; workshops,"JM Hammarstrom, CL Dicken, LG Woodruff‚Ä¶ - 2022 - pubs.usgs.gov",2022,Abstract The Earth Mapping Resources Initiative (Earth MRI) is conducted in phases to identify areas for acquiring new geologic framework data to identify potential domestic ‚Ä¶,NA,3; 1; 4; 14,URL:html,10.3133/ofr20181021,"Walsh, G. J.; Merschat, A. r. t. h. u. r.; Swezey, C. h. r. i. s. t. o. p. h. e. r.; Soller, D. a. v. i. d.; Siler, D. r. e. w.; Lassetter, William L.; Means, G. u. y.; Denny, F. r. e. d.; Lynds, Ranie M.; Werdon, M. B.; Key, E. r. i. c. a.",458; 292; 1256; 40; 153; 270; 305; 372; 454; 505; 770; 1052; 947,"Hammarstrom, Jane M.; Dicken, C.; Woodruff, L.; Andersen, A.; Brennan, S.; Day, Warren C.; Drenth, Benjamin J.; Foley, N.; Hall, S.; Hofstra, A H; McCafferty, Anne E.; Shah, A. K.; Ponce, D.",U.S. Geological Survey,238,20; 21; 27; 3; 8; 4,107
Drop in favor of row 107,1,,https://pubs.usgs.gov/publication/ofr20191023D/full,"Focus areas for data acquisition for potential domestic resources of 13 critical minerals in the conterminous United States and Puerto Rico‚ÄîAntimony, barite ‚Ä¶",12,"https://scholar.google.com/scholar?cites=17720447336151449299&as_sdt=40005&sciodt=0,10&hl=en&num=20; https://scholar.google.com/scholar?cites=17720447336151449299&as_sdt=5,50&sciodt=0,50&hl=en&num=20; https://scholar.google.com/scholar?cites=17720447336151449299&as_sdt=2005&sciodt=0,5&hl=en&num=20; https://scholar.google.com/scholar?cites=17720447336151449299&as_sdt=5,44&sciodt=0,44&hl=en&num=20",Earth Mapping Resources Initiative (Earth MRI) Phase 3: Critical Minerals Assessment,NA,NA; U.S. Geological Survey,NA,Gregory J. Walsh (U.S. Geological Survey); Arthur Merschat (U.S. Geological Survey); Christopher Swezey (U.S. Geological Survey); David Soller (U.S. Geological Survey); Drew Siler (U.S. Geological Survey); William L. Lassetter (Virginia Division of Geology and Mineral Resources); Guy Means (Florida Geological Survey); Fred Denny (Illinois State Geological Survey); Ranie M. Lynds (Wyoming State Geological Survey); Melanie B. Werdon (Alaska Division of Geological and Geophysical Surveys); Erica Key (California Geological Survey); Gregory J. Walsh (U.S. Geological Survey); Arthur Merschat (U.S. Geological Survey); Christopher Swezey (U.S. Geological Survey); David Soller (U.S. Geological Survey); Drew Siler (U.S. Geological Survey); William L. Lassetter (Virginia Division of Geology and Mineral Resources); Guy Means (Florida Geological Survey); Fred Denny (Illinois State Geological Survey); Ranie M. Lynds (Wyoming State Geological Survey); Melanie B. Werdon (Alaska Division of Geological and Geophysical Surveys); Erica Key (California Geological Survey); Ryan Taylor (U.S. Geological Survey); Brad Van Gosen (U.S. Geological Survey),U.S. Geological Survey; Virginia Division of Geology and Mineral Resources; Florida Geological Survey; Illinois State Geological Survey; Wyoming State Geological Survey; Alaska Division of Geological and Geophysical Surveys; California Geological Survey,This report describes the data sources and summary results for 13 critical minerals evaluated in the conterminous United States and Puerto Rico during phase 3 of the Earth Mapping Resources Initiative (Earth MRI).; This report describes the data sources and summary results for 13 critical minerals evaluated in the conterminous United States and Puerto Rico during phase 3 of the study. The Earth Mapping Resources Initiative (Earth MRI) aims to identify areas for acquiring new geologic framework data to identify potential domestic resources of critical minerals.,critical minerals; Earth Mapping Resources Initiative; geological mapping; geophysical surveys; critical minerals; geologic mapping; Earth Mapping Resources Initiative; mineral systems; geophysical surveys; critical minerals; geological mapping; Earth Mapping Resources Initiative; geophysical surveys; critical minerals; geologic mapping; Earth Mapping Resources Initiative; mineral systems,National Cooperative Geologic Mapping Program,Conterminous United States and Puerto Rico,geologic mapping; geochemical mapping; topographic mapping; geophysical surveys; geologic mapping; geochemical mapping; topographic mapping; geophysical surveys; workshops,"JM Hammarstrom, CL Dicken, LG Woodruff‚Ä¶ - 2022 - pubs.usgs.gov",2022,Abstract The Earth Mapping Resources Initiative (Earth MRI) is conducted in phases to identify areas for acquiring new geologic framework data to identify potential domestic ‚Ä¶,NA,3; 1; 4; 14,URL:html,10.3133/ofr20181021,"Walsh, G. J.; Merschat, A. r. t. h. u. r.; Swezey, C. h. r. i. s. t. o. p. h. e. r.; Soller, D. a. v. i. d.; Siler, D. r. e. w.; Lassetter, William L.; Means, G. u. y.; Denny, F. r. e. d.; Lynds, Ranie M.; Werdon, M. B.; Key, E. r. i. c. a.; Taylor, R. y. a. n.; Gosen, Brad Van",1207; 787; 1134; 1092; 1073; 670; 781; 285; 721; 1230; 623; 1144; 429,"Walsh, Gregory J.; Merschat, Arthur; Swezey, C S; Soller, David; Siler, Drew; Lassetter, William L.; Means, Guy; Denny, Fred; Lynds, Ranie M.; Werdon, Melanie B.; Key, Erica; Taylor, Ryan; Gosen, B S Van",U.S. Geological Survey,238,20; 21; 27; 3; 8; 4,108
Drop in favor of row 113,1,,https://www.sciencedirect.com/science/article/pii/S0301926821001339,"Geophysical insights into Paleoproterozoic tectonics along the southern margin of the Superior Province, central Upper Peninsula, Michigan, USA",11,"https://scholar.google.com/scholar?cites=12769832318176824482&as_sdt=5,44&sciodt=0,44&hl=en&num=20; https://scholar.google.com/scholar?cites=12769832318176824482&as_sdt=40005&sciodt=0,10&hl=en&num=20","Combined Nd isotope systematics and geophysical data constrain the crustal evolution of the disrupted Alto Moxot√≥ Terrane, Borborema Province, Brazil",Tectonophysics,NA,2023,"M.E. Bickford; BJ Drenth, WF Cannon, KJ Schulz, RA Ayuso",NA,"The accretionary record of Precambrian orogens is often masked by systematic magmatic, metamorphic and/or structural overprints. The Neoproterozoic Borborema Province presents direct linkage to several orogenic belts along western Gondwana, but its crustal evolution is contentious resulting in a range of geological models. In the region, exotic terranes that might have been docked via thrust- and strike slip structures preserve pre-Gondwana events that provide glimpses for the evolution of orogenic systems more generally. A total of 201 Sm Nd analysis of the Archean-Paleoproterozoic Alto Moxot√≥ Terrane, central Borborema Province reveals source ages in granitic, mafic and metasedimentary rocks that are mostly Paleoarchean to early Paleoproterozoic, which contrast with the adjacent terranes. The successive juvenile inputs and crustal reworking from Neoarchean ( ca. 2.6 Ga) to mid-Paleoproterozoic ( ca. 2.1 Ga) diverge with the early to late Neoproterozoic dominant crust of the neighboring blocks. 3D geophysical modelling highlights the unique signature of the Alto Moxot√≥ Terrane compared to these blocks, including: i) K-poor and Th-rich crust and ii) higher gravity gradients when compared with the bordering lithospheric record, both in gamma-spectrometric and gravimetric maps. Moreover, prominent magnetic anomalies in all magnetometric maps coincide with the major shear zones, including previously proposed terrane boundaries, suggesting that they might represent cryptic or unmapped suture zones. The isotopic and geophysical data are consistent with derivation of the Alto Moxot√≥ Terrane from older crustal blocks such as the S√£o Francisco and Congo cratons and provide a model to the understanding of the accretionary evolution of western Gondwana.",NA,NA,"Borborema Province, Brazil",Sm Nd analysis; 3D geophysical modelling,"BJ Drenth, WF Cannon, KJ Schulz, RA Ayuso - Precambrian Research, 2021 - Elsevier",2021,The southern margin of the Archean Superior Province in the central Upper Peninsula of Michigan was a nexus for key Paleoproterozoic tectonic events involved in the~ 2.1 Ga ‚Ä¶,https://www.sciencedirect.com/science/article/am/pii/S0301926821001339,5; 12,URL:html,NA,"Bickford, M. E.",116,"Bickford, M E",NA,244,10; 1,109
,,,https://www.sciencedirect.com/science/article/pii/S0301926821001339,"Geophysical insights into Paleoproterozoic tectonics along the southern margin of the Superior Province, central Upper Peninsula, Michigan, USA",11,"https://scholar.google.com/scholar?cites=12769832318176824482&as_sdt=5,44&sciodt=0,44&hl=en&num=20; https://scholar.google.com/scholar?cites=12769832318176824482&as_sdt=40005&sciodt=0,10&hl=en&num=20","Combined Nd isotope systematics and geophysical data constrain the crustal evolution of the disrupted Alto Moxot√≥ Terrane, Borborema Province, Brazil",Tectonophysics,NA,2023,"M.E. Bickford; BJ Drenth, WF Cannon, KJ Schulz, RA Ayuso",NA,"The accretionary record of Precambrian orogens is often masked by systematic magmatic, metamorphic and/or structural overprints. The Neoproterozoic Borborema Province presents direct linkage to several orogenic belts along western Gondwana, but its crustal evolution is contentious resulting in a range of geological models. In the region, exotic terranes that might have been docked via thrust- and strike slip structures preserve pre-Gondwana events that provide glimpses for the evolution of orogenic systems more generally. A total of 201 Sm Nd analysis of the Archean-Paleoproterozoic Alto Moxot√≥ Terrane, central Borborema Province reveals source ages in granitic, mafic and metasedimentary rocks that are mostly Paleoarchean to early Paleoproterozoic, which contrast with the adjacent terranes. The successive juvenile inputs and crustal reworking from Neoarchean ( ca. 2.6 Ga) to mid-Paleoproterozoic ( ca. 2.1 Ga) diverge with the early to late Neoproterozoic dominant crust of the neighboring blocks. 3D geophysical modelling highlights the unique signature of the Alto Moxot√≥ Terrane compared to these blocks, including: i) K-poor and Th-rich crust and ii) higher gravity gradients when compared with the bordering lithospheric record, both in gamma-spectrometric and gravimetric maps. Moreover, prominent magnetic anomalies in all magnetometric maps coincide with the major shear zones, including previously proposed terrane boundaries, suggesting that they might represent cryptic or unmapped suture zones. The isotopic and geophysical data are consistent with derivation of the Alto Moxot√≥ Terrane from older crustal blocks such as the S√£o Francisco and Congo cratons and provide a model to the understanding of the accretionary evolution of western Gondwana.",NA,NA,"Borborema Province, Brazil",Sm Nd analysis; 3D geophysical modelling,"BJ Drenth, WF Cannon, KJ Schulz, RA Ayuso - Precambrian Research, 2021 - Elsevier",2021,The southern margin of the Archean Superior Province in the central Upper Peninsula of Michigan was a nexus for key Paleoproterozoic tectonic events involved in the~ 2.1 Ga ‚Ä¶,https://www.sciencedirect.com/science/article/am/pii/S0301926821001339,5; 12,URL:html,NA,"BJ Drenth, WF Cannon, KJ Schulz, RA Ayuso",305; 185; 1040; 63,"Drenth, Benjamin J.; Cannon, W F; Schulz, K J; Ayuso, R A",NA,244,10; 1,113
Drop in favor of row 171,1,,https://pubs.usgs.gov/publication/ofr20191023E/full,"Alaska focus area definition for data acquisition for potential domestic sources of critical minerals in Alaska for antimony, barite, beryllium, chromium, fluorspar ‚Ä¶",5,"https://scholar.google.com/scholar?cites=1712363852698754412&as_sdt=5,44&sciodt=0,44&hl=en&num=20; https://scholar.google.com/scholar?cites=1712363852698754412&as_sdt=2005&sciodt=0,5&hl=en&num=20; https://scholar.google.com/scholar?cites=1712363852698754412&as_sdt=40005&sciodt=0,10&hl=en&num=20; https://scholar.google.com/scholar?cites=1712363852698754412&as_sdt=5,50&sciodt=0,50&hl=en&num=20; https://scholar.google.com/scholar?cites=1712363852698754412&as_sdt=400005&sciodt=0,14&hl=en&num=20",Earth Mapping Resources Initiative: Phase 3 Focus Areas for Critical Minerals in Alaska; Earth Mapping Resources Initiative (Earth MRI) Phase 3: Focus Areas for Critical Minerals in Alaska,NA,U.S. Geological Survey; NA,2018,Melanie B. Werdon (Alaska Division of Geology & Geophysics); Karen Kelley (U.S. Geological Survey),Alaska Division of Geology & Geophysics; U.S. Geological Survey,"This report describes the methodology and techniques utilized to define focus areas for future data acquisition in Alaska; the conterminous United States are covered in a separate report. Focus areas are identified using a mineral systems framework, which accounts for all the possible tectonic and geologic settings where co-genetic mineral deposits may form.; This report describes the methodology and techniques utilized to define focus areas for future data acquisition in Alaska, addressing 22 of the 35 minerals or mineral material groups presently deemed critical. The focus areas delineated herein are comprehensive for all critical minerals as presently defined and may be used to guide the collection of new geologic, geochemical, and geophysical data in the region.; This report describes the methodology and techniques utilized to define focus areas for future data acquisition in Alaska; the conterminous United States are covered in a separate report. Focus areas are identified using a mineral systems framework, which accounts for all the possible tectonic and geologic settings where co-genetic mineral deposits may form. These deposits contain many commodities, including byproduct and critical minerals.",critical minerals; geology; geophysics; mineral systems; Alaska; critical minerals; geologic mapping; geophysical acquisition; geochemical characterization; Earth Mapping Resources Initiative; critical minerals; Earth Mapping Resources Initiative; geologic mapping; mineral systems; Alaska; critical minerals; geology; mineral systems; Alaska; Earth Mapping Resources Initiative; critical minerals; geologic mapping; mineral systems; Alaska; Earth Mapping Resources Initiative,Mineral Resources Program within the USGS; Earth Mapping Resources Initiative,Alaska,geologic mapping; aeromagnetic acquisition; radiometric acquisition; geochemical characterization; geologic mapping; aeromagnetic acquisition; radiometric geophysical acquisition; geochemical characterization; mineral systems framework; geologic mapping; aeromagnetic acquisition; radiometric geophysical acquisition; geochemical characterization; geologic mapping; aeromagnetic and radiometric geophysical acquisition; geochemical characterization; mineral systems framework; geologic mapping; aeromagnetic acquisition; radiometric acquisition; geochemical characterization,"DC Kreiner, JV Jones III, GN Case - 2022 - pubs.usgs.gov",2022,Abstract Phase 3 of the Earth Mapping Resources Initiative (Earth MRI) focuses on geologic belts that are favorable for hosting mineral systems that could contain the critical minerals ‚Ä¶,NA,7; 2; 4; 8; 11; 15; 6; 3,URL:html,10.3133/ofr20181021,"Werdon, M. B.; Kelley, K. a. r. e. n.",1230; 614,"Werdon, Melanie B.; Kelley, K.",U.S. Geological Survey,304,10; 26; 20; 9; 27; 2; 3; 8; 4,170
"Added full title, and removed all the Authors/Author_IDs since they are the acknowledgements. Replaced with real authors that could all be looked up In parent_authors.csv",,,https://pubs.usgs.gov/publication/ofr20191023E/full,"Alaska Focus Area Definition for Data Acquisition for Potential Domestic Sources of Critical Minerals in Alaska for Antimony, Barite, Beryllium, Chromium, Fluorspar, Hafnium, Magnesium, Manganese, Uranium, Vanadium, and Zirconium",5,"https://scholar.google.com/scholar?cites=1712363852698754412&as_sdt=5,44&sciodt=0,44&hl=en&num=20; https://scholar.google.com/scholar?cites=1712363852698754412&as_sdt=2005&sciodt=0,5&hl=en&num=20; https://scholar.google.com/scholar?cites=1712363852698754412&as_sdt=40005&sciodt=0,10&hl=en&num=20; https://scholar.google.com/scholar?cites=1712363852698754412&as_sdt=5,50&sciodt=0,50&hl=en&num=20; https://scholar.google.com/scholar?cites=1712363852698754412&as_sdt=400005&sciodt=0,14&hl=en&num=20",Earth Mapping Resources Initiative: Phase 3 Focus Areas for Critical Minerals in Alaska; Earth Mapping Resources Initiative (Earth MRI) Phase 3: Focus Areas for Critical Minerals in Alaska,NA,U.S. Geological Survey; NA,2018,Melanie B. Werdon (Alaska Division of Geology & Geophysics); Karen Kelley (U.S. Geological Survey),U.S. Geological Survey; Alaska Division of Geology & Geophysics,"This report describes the methodology and techniques utilized to define focus areas for future data acquisition in Alaska; the conterminous United States are covered in a separate report. Focus areas are identified using a mineral systems framework, which accounts for all the possible tectonic and geologic settings where co-genetic mineral deposits may form.; This report describes the methodology and techniques utilized to define focus areas for future data acquisition in Alaska, addressing 22 of the 35 minerals or mineral material groups presently deemed critical. The focus areas delineated herein are comprehensive for all critical minerals as presently defined and may be used to guide the collection of new geologic, geochemical, and geophysical data in the region.; This report describes the methodology and techniques utilized to define focus areas for future data acquisition in Alaska; the conterminous United States are covered in a separate report. Focus areas are identified using a mineral systems framework, which accounts for all the possible tectonic and geologic settings where co-genetic mineral deposits may form. These deposits contain many commodities, including byproduct and critical minerals.",critical minerals; geology; geophysics; mineral systems; Alaska; critical minerals; geologic mapping; geophysical acquisition; geochemical characterization; Earth Mapping Resources Initiative; critical minerals; Earth Mapping Resources Initiative; geologic mapping; mineral systems; Alaska; critical minerals; geology; mineral systems; Alaska; Earth Mapping Resources Initiative; critical minerals; geologic mapping; mineral systems; Alaska; Earth Mapping Resources Initiative,Mineral Resources Program within the USGS; Earth Mapping Resources Initiative,Alaska,geologic mapping; aeromagnetic acquisition; radiometric acquisition; geochemical characterization; geologic mapping; aeromagnetic acquisition; radiometric geophysical acquisition; geochemical characterization; mineral systems framework; geologic mapping; aeromagnetic acquisition; radiometric geophysical acquisition; geochemical characterization; geologic mapping; aeromagnetic and radiometric geophysical acquisition; geochemical characterization; mineral systems framework; geologic mapping; aeromagnetic acquisition; radiometric acquisition; geochemical characterization,"DC Kreiner, JV Jones III, GN Case - 2022 - pubs.usgs.gov",2022,Abstract Phase 3 of the Earth Mapping Resources Initiative (Earth MRI) focuses on geologic belts that are favorable for hosting mineral systems that could contain the critical minerals ‚Ä¶,NA,7; 2; 4; 8; 11; 15; 6; 3,URL:html,10.3133/ofr20181021,"Werdon, M. B.; Kelley, K. a. r. e. n.",655; 550; 191,"Kreiner, Douglas C.; Jones, James V. III; Case, George N. D.",U.S. Geological Survey,304,10; 26; 20; 9; 27; 2; 3; 8; 4,171
"Fixed Title, This version contains an additional author 'Miguel Neves' before parsing which is correct. I updated Authors/Author_IDs to add 863 (Neves, Miguel) but there is another author Chuang, Lindsay Y. is new and thefore added in a 'NEW_AUTHORS' column",,"Chuang, Lindsay Y.",https://pubs.geoscienceworld.org/ssa/srl/article-pdf/doi/10.1785/0220240302/7134362/srl-2024302.1.pdf,Localized West‚ÄêDipping Seismic Structure Defines the Elgin‚ÄìLugoff Swarm Sequence in South Carolina,2,"https://scholar.google.com/scholar?cites=14312834283958655504&as_sdt=5,33&sciodt=0,33&hl=en&num=20",Localized West?Dipping Seismic Structure Defines the ElginñLugoff Swarm Sequence in South Carolina,Seismological Research Letters,Seismological Society of America,2024,"Oluwaseyifunmi E. Adeboboye (School of Earth and Atmospheric Sciences, Georgia Institute of Technology, USA); Lindsay Y. Chuang (School of Earth and Atmospheric Sciences, Georgia Institute of Technology, USA); Miguel Neves (School of Earth and Atmospheric Sciences, Georgia Institute of Technology, USA); Miguel Neves (Universit√© C√¥te d‚ÄôAzur, IRD, CNRS, OCA, G√©oazur, Sophia Antipolis, France); Zhigang Peng (School of Earth and Atmospheric Sciences, Georgia Institute of Technology, USA); Dan Frost (School of the Earth, Ocean, and the Environment, College of Arts and Sciences, University of South Carolina, USA); Steven C. Jaum√© (Department of Geology and Environmental Sciences, College of Charleston, USA); Oluwaseyifunmi E. Adeboboye (School of Earth and Atmospheric Sciences, Georgia Institute of Technology, USA); Lindsay Y. Chuang (School of Earth and Atmospheric Sciences, Georgia Institute of Technology, USA); Miguel Neves (School of Earth and Atmospheric Sciences, Georgia Institute of Technology, USA); Zhigang Peng (School of Earth and Atmospheric Sciences, Georgia Institute of Technology, USA); Dan Frost (School of the Earth, Ocean, and the Environment, College of Arts and Sciences, University of South Carolina, USA); Steven C. Jaum√© (Department of Geology and Environmental Sciences, College of Charleston, USA)","School of Earth and Atmospheric Sciences, Georgia Institute of Technology, USA; Universit√© C√¥te d‚ÄôAzur, IRD, CNRS, OCA, G√©oazur, Sophia Antipolis, France; School of the Earth, Ocean, and the Environment, College of Arts and Sciences, University of South Carolina, USA; Department of Geology and Environmental Sciences, College of Charleston, USA","An unusual earthquake swarm began in December 2021 between the towns of Elgin and Lugoff in South Carolina, United States. This area is characterized by historically low seismicity, but by April 2024 it has experienced 97 small earthquakes listed in the United States Geological Survey (USGS) catalog, presenting a unique opportunity to investigate the dynamics of earthquake swarms in stable continental regions. These events are located in a north‚Äìsouth diffuse trend, cross-cutting the Eastern Piedmont Fault System, a Late Paleozoic dextral strike-slip fault, however, the location uncertainties were too large to reveal any obvious structure. Starting from October 2022, we deployed 86 Smartsolo 5-Hz 3-component seismic nodes for four months in the direct vicinity of the Elgin swarm. By using a combination of deep learning and match filter techniques for event detection, and double-difference relocation method for precise earthquake locations, we obtain up to 100 high-resolution microearthquake locations, as compared with 4 events listed in the USGS catalog for the deployment period. In our improved catalog, we report significantly smaller magnitudes in comparison to those listed in the USGS catalog, with a local magnitude ranging from -2.17 to 2.54 and achieving a magnitude of completeness at -0.20. The relocated catalog outlined a single fault plane of nearly north‚Äìsouth strike and west‚Äìdipping, inconsistent with either known fault strikes or the magnetic anomalies in this region. We also determine focal mechanism solutions for selected events in this swarm sequence, which shows mainly strike-slip faulting with nodal planes aligning with the north‚Äìsouth striking seismic cluster. Our relocated catalog can be used to constrain the location of other swarm events outside the nodal recording period and provide a robust benchmark dataset for further analysis of the swarm sequence.",NA,NA,"Elgin and Lugoff, South Carolina, USA",deployment of 86 Smartsolo 5-Hz 3-component seismic nodes; deep learning techniques for event detection; match filter techniques for event detection; double-difference relocation method for precise earthquake locations,"OE Adeboboye, LY Chuang‚Ä¶ - Seismological ‚Ä¶, 2025 - pubs.geoscienceworld.org",2025,"An unusual earthquake swarm began in December 2021 between the towns of Elgin and Lugoff in South Carolina, United States. This area is characterized by historically low ‚Ä¶",https://eartharxiv.org/repository/object/7610/download/15726/,1; 12,URL:fetch_error | ALT:pdf,NA,"Adeboboye, Oluwaseyifunmi E.; Chuang, Lindsay Y.; Neves, M. i. g. u. e. l.; Neves, M. i. g. u. e. l.; Peng, Z. h. i. g. a. n. g.; Frost, D. a. n.; Jaum√©, Steven C.",8; 863; 922; 382; 564; 863,"Adeboboye, Oluwaseyifunmi E.; Neves, Miguel; Peng, Zhigang; Frost, Dan; Jaum√©, Steven C.; Neves, Miguel",Seismological Society of America,374,32; 1,241
Drop in favor of row 241,1,,https://pubs.geoscienceworld.org/ssa/srl/article-pdf/doi/10.1785/0220240302/7134362/srl-2024302.1.pdf,Localized West‚ÄêDipping Seismic Structure Defines the Elgin‚ÄìLugoff Swarm Sequence in South Carolina,2,"https://scholar.google.com/scholar?cites=14312834283958655504&as_sdt=5,33&sciodt=0,33&hl=en&num=20",Localized west-dipping seismic structure defines the Elgin‚ÄìLugoff Swarm Sequence in South Carolina,Seismological Research Letters,Seismological Society of America,2024,"Oluwaseyifunmi E. Adeboboye (School of Earth and Atmospheric Sciences, Georgia Institute of Technology, USA); Lindsay Y. Chuang (School of Earth and Atmospheric Sciences, Georgia Institute of Technology, USA); Miguel Neves (School of Earth and Atmospheric Sciences, Georgia Institute of Technology, USA); Miguel Neves (Universit√© C√¥te d‚ÄôAzur, IRD, CNRS, OCA, G√©oazur, Sophia Antipolis, France); Zhigang Peng (School of Earth and Atmospheric Sciences, Georgia Institute of Technology, USA); Dan Frost (School of the Earth, Ocean, and the Environment, College of Arts and Sciences, University of South Carolina, USA); Steven C. Jaum√© (Department of Geology and Environmental Sciences, College of Charleston, USA); Oluwaseyifunmi E. Adeboboye (School of Earth and Atmospheric Sciences, Georgia Institute of Technology, USA); Lindsay Y. Chuang (School of Earth and Atmospheric Sciences, Georgia Institute of Technology, USA); Miguel Neves (School of Earth and Atmospheric Sciences, Georgia Institute of Technology, USA); Zhigang Peng (School of Earth and Atmospheric Sciences, Georgia Institute of Technology, USA); Dan Frost (School of the Earth, Ocean, and the Environment, College of Arts and Sciences, University of South Carolina, USA); Steven C. Jaum√© (Department of Geology and Environmental Sciences, College of Charleston, USA)","School of Earth and Atmospheric Sciences, Georgia Institute of Technology, USA; Universit√© C√¥te d‚ÄôAzur, IRD, CNRS, OCA, G√©oazur, Sophia Antipolis, France; School of the Earth, Ocean, and the Environment, College of Arts and Sciences, University of South Carolina, USA; Department of Geology and Environmental Sciences, College of Charleston, USA","An unusual earthquake swarm began in December 2021 between the towns of Elgin and Lugoff in South Carolina, United States. This area is characterized by historically low seismicity, but by April 2024 it has experienced 97 small earthquakes listed in the United States Geological Survey (USGS) catalog, presenting a unique opportunity to investigate the dynamics of earthquake swarms in stable continental regions. These events are located in a north‚Äìsouth diffuse trend, cross-cutting the Eastern Piedmont Fault System, a Late Paleozoic dextral strike-slip fault, however, the location uncertainties were too large to reveal any obvious structure. Starting from October 2022, we deployed 86 Smartsolo 5-Hz 3-component seismic nodes for four months in the direct vicinity of the Elgin swarm. By using a combination of deep learning and match filter techniques for event detection, and double-difference relocation method for precise earthquake locations, we obtain up to 100 high-resolution microearthquake locations, as compared with 4 events listed in the USGS catalog for the deployment period. In our improved catalog, we report significantly smaller magnitudes in comparison to those listed in the USGS catalog, with a local magnitude ranging from -2.17 to 2.54 and achieving a magnitude of completeness at -0.20. The relocated catalog outlined a single fault plane of nearly north‚Äìsouth strike and west‚Äìdipping, inconsistent with either known fault strikes or the magnetic anomalies in this region. We also determine focal mechanism solutions for selected events in this swarm sequence, which shows mainly strike-slip faulting with nodal planes aligning with the north‚Äìsouth striking seismic cluster. Our relocated catalog can be used to constrain the location of other swarm events outside the nodal recording period and provide a robust benchmark dataset for further analysis of the swarm sequence.",NA,NA,"Elgin and Lugoff, South Carolina, USA",deployment of 86 Smartsolo 5-Hz 3-component seismic nodes; deep learning techniques for event detection; match filter techniques for event detection; double-difference relocation method for precise earthquake locations,"OE Adeboboye, LY Chuang‚Ä¶ - Seismological ‚Ä¶, 2025 - pubs.geoscienceworld.org",2025,"An unusual earthquake swarm began in December 2021 between the towns of Elgin and Lugoff in South Carolina, United States. This area is characterized by historically low ‚Ä¶",https://eartharxiv.org/repository/object/7610/download/15726/,1; 12,URL:fetch_error | ALT:pdf,NA,"Adeboboye, Oluwaseyifunmi E.; Chuang, Lindsay Y.; Neves, M. i. g. u. e. l.; Peng, Z. h. i. g. a. n. g.; Frost, D. a. n.; Jaum√©, Steven C.",8; 863; 922; 382; 564,"Adeboboye, Oluwaseyifunmi E.; Neves, Miguel; Peng, Zhigang; Frost, Dan; Jaum√©, Steven C.",Seismological Society of America,374,32; 1,247
Drop in favor of row 277,1,,https://pubs.usgs.gov/publication/fs20233007,National map of focus areas for potential critical mineral resources in the United States,1,"https://scholar.google.com/scholar?cites=17844875553893864483&as_sdt=40005&sciodt=0,10&hl=en&num=20; https://scholar.google.com/scholar?cites=17844875553893864483&as_sdt=2005&sciodt=0,5&hl=en&num=20; https://scholar.google.com/scholar?cites=17844875553893864483&as_sdt=5,30&sciodt=0,30&hl=en&num=20; https://scholar.google.com/scholar?cites=17844875553893864483&as_sdt=400005&sciodt=0,14&hl=en&num=20",National map of focus areas for potential critical mineral resources in the United States,NA,U.S. Geological Survey,2023,"Hammarstrom, J.M.; Kreiner, D.C.; Dicken, C.L.; Woodruff, L.G.",NA,"The U.S. Geological Survey (USGS) launched the Earth Mapping Resources Initiative (Earth MRI) to modernize the surface and subsurface geologic mapping of the United States, with a focus on identifying areas that may have the potential to contain critical mineral resources. EarthMRI can inform strategies to ensure secure and reliable domestic critical mineral supplies for the United States as mandated by Executive Order 13817 and the Infrastructure and Jobs Act of 2021 (Public Law 117‚Äì58, 135 Stat. 529). Earth MRI is a collaborative effort between the USGS and the State geological surveys as represented by the Association of American State Geologists to identify, prioritize, and acquire new geoscience data for geographic areas, or focus areas, across the Nation that have potential to host critical mineral resources. Mapping of focus areas was based on a framework of mineral systems and their associated mineral deposit types that could possibly host critical minerals. Using readily available geologic, geophysical, geochemical, and mineral deposit data, teams of USGS scientists worked with representatives of State geological surveys in a series of workshops to outline focus areas that contain evidence of key features for one or more mineral systems. These areas can be used to guide future efforts to collect new geologic, geophysical, geochemical, and topographic data that focus on critical minerals through Earth MRI.; NA",NA,NA,United States,geologic mapping; geophysical data analysis; geochemical data analysis; workshops; geologic data; geophysical data; geochemical data; mineral deposit data; workshops; geologic mapping; geophysical data analysis; geochemical data analysis; mineral deposit data analysis,"JM Hammarstrom, DC Kreiner, CL Dicken, LG Woodruff - 2023 - pubs.usgs.gov",2023,"The US Geological Survey (USGS) launched the Earth Mapping Resources Initiative (Earth MRI) to modernize the surface and subsurface geologic mapping of the United States, with a ‚Ä¶",https://pubs.usgs.gov/fs/2023/3007/fs20233007.pdf,5; 2; 10; 4; 6,URL:html,https://doi.org/10.3133/fs20233007,"Hammarstrom, J. M.; Kreiner, D. C.; Dicken, C. L.; Woodruff, L. G.",458; 655; 292; 1256,"Hammarstrom, Jane M.; Kreiner, Douglas C.; Dicken, C.; Woodruff, L.",U.S. Geological Survey,405,20; 21; 9; 28; 4,273
"This row has the DOI rather than the DOI link, which is what the other rows contain",,,https://pubs.usgs.gov/publication/fs20233007,National map of focus areas for potential critical mineral resources in the United States,1,"https://scholar.google.com/scholar?cites=17844875553893864483&as_sdt=40005&sciodt=0,10&hl=en&num=20; https://scholar.google.com/scholar?cites=17844875553893864483&as_sdt=2005&sciodt=0,5&hl=en&num=20; https://scholar.google.com/scholar?cites=17844875553893864483&as_sdt=5,30&sciodt=0,30&hl=en&num=20; https://scholar.google.com/scholar?cites=17844875553893864483&as_sdt=400005&sciodt=0,14&hl=en&num=20",National map of focus areas for potential critical mineral resources in the United States,NA,U.S. Geological Survey,2023,"Hammarstrom, J.M.; Kreiner, D.C.; Dicken, C.L.; Woodruff, L.G.",NA,"The U.S. Geological Survey (USGS) launched the Earth Mapping Resources Initiative (Earth MRI) to modernize the surface and subsurface geologic mapping of the United States, with a focus on identifying areas that may have the potential to contain critical mineral resources. EarthMRI can inform strategies to ensure secure and reliable domestic critical mineral supplies for the United States as mandated by Executive Order 13817 and the Infrastructure and Jobs Act of 2021 (Public Law 117‚Äì58, 135 Stat. 529). Earth MRI is a collaborative effort between the USGS and the State geological surveys as represented by the Association of American State Geologists to identify, prioritize, and acquire new geoscience data for geographic areas, or focus areas, across the Nation that have potential to host critical mineral resources. Mapping of focus areas was based on a framework of mineral systems and their associated mineral deposit types that could possibly host critical minerals. Using readily available geologic, geophysical, geochemical, and mineral deposit data, teams of USGS scientists worked with representatives of State geological surveys in a series of workshops to outline focus areas that contain evidence of key features for one or more mineral systems. These areas can be used to guide future efforts to collect new geologic, geophysical, geochemical, and topographic data that focus on critical minerals through Earth MRI.; NA",NA,NA,United States,geologic mapping; geophysical data analysis; geochemical data analysis; workshops; geologic data; geophysical data; geochemical data; mineral deposit data; workshops; geologic mapping; geophysical data analysis; geochemical data analysis; mineral deposit data analysis,"JM Hammarstrom, DC Kreiner, CL Dicken, LG Woodruff - 2023 - pubs.usgs.gov",2023,"The US Geological Survey (USGS) launched the Earth Mapping Resources Initiative (Earth MRI) to modernize the surface and subsurface geologic mapping of the United States, with a ‚Ä¶",https://pubs.usgs.gov/fs/2023/3007/fs20233007.pdf,5; 2; 10; 4; 6,URL:html,10.3133/fs20233007,"Hammarstrom, J. M.; Kreiner, D. C.; Dicken, C. L.; Woodruff, L. G.",458; 655; 292; 1256,"Hammarstrom, Jane M.; Kreiner, Douglas C.; Dicken, C.; Woodruff, L.",U.S. Geological Survey,405,20; 21; 9; 28; 4,277
"Update Title to contain dash instead of special characters and added missing author as NEW_AUTHOR since they were not found in authors.csv, This row has the DOI rather than the DOI link, which is what the other rows contain",,"Savage, Brian",https://pubs.usgs.gov/publication/ofr20231059,Implementation Plan of the National Cooperative Geologic Mapping Program StrategyóNortheast Region of the United States: New York and New England,NA,NA,Implementation plan of the National Cooperative Geologic Mapping Program strategy‚ÄîNortheast region of the United States‚ÄîNew York and New England,U.S. Geological Survey Open-File Report,NA,2023,G.J. Walsh; M.A. Thomas; R.G. Marvinney; S.B. Mabee; F.H. Chormann; A. Kozlowski; M.H. Gale; J. Kim; B. Savage,NA,NA,NA,NA,Northeast region of the United States‚ÄîNew York and New England,NA,"GJ Walsh, MA Thomas, RG Marvinney, SB Mabee‚Ä¶ - 2023 - pubs.usgs.gov",2023,"Complexly deformed igneous, metamorphic, and sedimentary rocks form the bedrock of the Northeast region of the United States. Variably thick unconsolidated sediments deposited by ‚Ä¶",https://pubs.usgs.gov/of/2023/1059/ofr20231059.pdf,8; 6; 18; 2,URL:html,10.3133/ofr20231059,"Walsh, G. J.; Thomas, M. A.; Marvinney, R. G.; Mabee, S. B.; Chormann, F. H.; Kozlowski, A.; Gale, M. H.; Kim, J.; Savage, B.",1207; 1151; 748; 723; 210; 652; 389; 630,"Walsh, Gregory J.; Thomas, M A; Marvinney, R G; Mabee, S B; Chormann, F H; Kozlowski, A.; Gale, M H; Kim, J.",U.S. Geological Survey,461,10; 18; 3; 8; 36,330
Drop in favor of row 330,1,,https://pubs.usgs.gov/publication/ofr20231059,Implementation plan of the National Cooperative Geologic Mapping Program strategy‚ÄîNortheast region of the United States: New York and New England,NA,NA,Implementation plan of the National Cooperative Geologic Mapping Program strategy‚ÄîNortheast region of the United States‚ÄîNew York and New England,U.S. Geological Survey Open-File Report,NA,2023,G.J. Walsh; M.A. Thomas; R.G. Marvinney; S.B. Mabee; F.H. Chormann; A. Kozlowski; M.H. Gale; J. Kim; B. Savage,NA,NA,NA,NA,Northeast region of the United States‚ÄîNew York and New England,NA,"GJ Walsh, MA Thomas, RG Marvinney, SB Mabee‚Ä¶ - 2023 - pubs.usgs.gov",2023,"Complexly deformed igneous, metamorphic, and sedimentary rocks form the bedrock of the Northeast region of the United States. Variably thick unconsolidated sediments deposited by ‚Ä¶",https://pubs.usgs.gov/of/2023/1059/ofr20231059.pdf,8; 6; 18; 2,URL:html,https://doi.org/10.3133/ofr20231059,"Walsh, G. J.; Thomas, M. A.; Marvinney, R. G.; Mabee, S. B.; Chormann, F. H.; Kozlowski, A.; Gale, M. H.; Kim, J.; Savage, B.",1207; 1151; 748; 723; 210; 652; 389; 630,"Walsh, Gregory J.; Thomas, M A; Marvinney, R G; Mabee, S B; Chormann, F H; Kozlowski, A.; Gale, M H; Kim, J.",U.S. Geological Survey,461,10; 18; 3; 8; 36,522
Drop in favor of 523,1,,https://bearworks.missouristate.edu/theses/4079/,Critical Mineral Exploration in the Superior Province of Northwestern Minnesota-A Geophysical Data Analysis,NA,NA,Critical Mineral Exploration in the Superior Province of Northwestern Minnesota - A Geophysical Data Analysis,NA,Missouri State University,2025,Michell L. Waterman (Missouri State University),Missouri State University,"The Archean basement geology of northwest Minnesota, a region covered by glacial deposits and historically underexplored for minerals, was analyzed using gravity, magnetic, radiometric, and geochemical data. These datasets were integrated to aid in identifying subsurface structures and evaluating the area's potential for economic mineralization within the Wabigoon, Quetico, and Wawa Subprovinces of the Superior Province. Gravity and magnetic datasets, analyzed through upward continuation, derivative maps, and two-dimensional modeling, revealed distinct northeast-to-southwest-trending maxima corresponding to fault-bounded, high-density, and magnetically susceptible bodies. These features were interpreted as mafic to ultramafic intrusions and dikes, several of which align with known Proterozoic fault systems and Archean structural contacts. In particular, the Mentor Anorthosite Intrusive Complex (MAIC) and associated feeder structures were imaged in detail, suggesting a layered intrusive system with possible mineralizing pathways. Geochemical data revealed elevated concentrations of gold (Au), nickel (Ni), copper (Cu), chromium (Cr), and cobalt (Co), often near gravity and magnetic anomalies linked to intrusions and fault zones. Radiometric ratios (Th/K, U/Th, U/K) further supported these findings by highlighting uranium and thorium enrichment zones, suggesting areas of hydrothermal alteration or felsic intrusion. The above datasets, when integrated, indicate that northwest Minnesota hosts structurally controlled mineral systems comparable to those found elsewhere in the Superior Province. Based on these results, areas surrounding the MAIC, the southern Wawa Subprovince fault zones, and portions of the Quetico Subprovince contain geophysical and geochemical anomalies that are recommended for future exploration targeting critical minerals. This study demonstrates the effectiveness of integrating geophysical and geochemical methods in regions with limited outcrop exposure, providing a valuable framework for future exploration and resource assessment in underexplored Archean terranes.",geophysics; radiometric; geochemical; density; magnetic susceptibility; critical minerals; Superior Province,NA,northwest Minnesota,gravity data analysis; magnetic data analysis; radiometric data analysis; geochemical data analysis; upward continuation; derivative maps; two-dimensional modeling,ML Waterman - 2025 - bearworks.missouristate.edu,2025,"The Archean basement geology of northwest Minnesota, a region covered by glacial deposits and historically underexplored for minerals, was analyzed using gravity, magnetic ‚Ä¶",https://bearworks.missouristate.edu/cgi/viewcontent.cgi?article=5130&context=theses,4; 9,URL:html,https://bearworks.missouristate.edu/theses/4079,"Waterman, Michell L.",1220,"Waterman, Michell L.",Missouri State University,472,30; 8,341
"This row contains the Department of this Graduate Thesis in the Affiliations, rather than just the university",,,https://bearworks.missouristate.edu/theses/4079/,Critical Mineral Exploration in the Superior Province of Northwestern Minnesota-A Geophysical Data Analysis,NA,NA,Critical Mineral Exploration in the Superior Province of Northwestern Minnesota - A Geophysical Data Analysis,NA,Missouri State University,2025,Michell L. Waterman (Missouri State University),"Missouri State University; School of Earth, Environment & Sustainability","The Archean basement geology of northwest Minnesota, a region covered by glacial deposits and historically underexplored for minerals, was analyzed using gravity, magnetic, radiometric, and geochemical data. These datasets were integrated to aid in identifying subsurface structures and evaluating the area's potential for economic mineralization within the Wabigoon, Quetico, and Wawa Subprovinces of the Superior Province. Gravity and magnetic datasets, analyzed through upward continuation, derivative maps, and two-dimensional modeling, revealed distinct northeast-to-southwest-trending maxima corresponding to fault-bounded, high-density, and magnetically susceptible bodies. These features were interpreted as mafic to ultramafic intrusions and dikes, several of which align with known Proterozoic fault systems and Archean structural contacts. In particular, the Mentor Anorthosite Intrusive Complex (MAIC) and associated feeder structures were imaged in detail, suggesting a layered intrusive system with possible mineralizing pathways. Geochemical data revealed elevated concentrations of gold (Au), nickel (Ni), copper (Cu), chromium (Cr), and cobalt (Co), often near gravity and magnetic anomalies linked to intrusions and fault zones. Radiometric ratios (Th/K, U/Th, U/K) further supported these findings by highlighting uranium and thorium enrichment zones, suggesting areas of hydrothermal alteration or felsic intrusion. The above datasets, when integrated, indicate that northwest Minnesota hosts structurally controlled mineral systems comparable to those found elsewhere in the Superior Province. Based on these results, areas surrounding the MAIC, the southern Wawa Subprovince fault zones, and portions of the Quetico Subprovince contain geophysical and geochemical anomalies that are recommended for future exploration targeting critical minerals. This study demonstrates the effectiveness of integrating geophysical and geochemical methods in regions with limited outcrop exposure, providing a valuable framework for future exploration and resource assessment in underexplored Archean terranes.",geophysics; radiometric; geochemical; density; magnetic susceptibility; critical minerals; Superior Province,NA,northwest Minnesota,gravity data analysis; magnetic data analysis; radiometric data analysis; geochemical data analysis; upward continuation; derivative maps; two-dimensional modeling,ML Waterman - 2025 - bearworks.missouristate.edu,2025,"The Archean basement geology of northwest Minnesota, a region covered by glacial deposits and historically underexplored for minerals, was analyzed using gravity, magnetic ‚Ä¶",https://bearworks.missouristate.edu/cgi/viewcontent.cgi?article=5130&context=theses,4; 9,URL:html,https://bearworks.missouristate.edu/theses/4079,"Waterman, Michell L.",1220,"Waterman, Michell L.",Missouri State University,472,30; 8,523
,,,https://naturalresources.house.gov/uploadedfiles/dean_peterson_testimony.pdf,SUBCOMMITTEE ON ENERGY AND MINERAL RESOURCES NATURAL RESOURCES COMMITTEE UNITES STATES HOUSE OF REPRESENTATIVES May ‚Ä¶,NA,NA,Written Testimony on ‚ÄúExamining the Mineral Wealth of Northern Minnesota‚Äù,NA,NA,2023,Dean M. Peterson (Big Rock Exploration),Big Rock Exploration,"This written testimony will attempt, in general terms, to explain how Northern Minnesota‚Äôs known mineral resources, including Fe-Mn deposits within the states iron ranges and copper-nickel-cobalt-platinum group element (Cu-Ni-Co-PGE) & titanium-iron-vanadium (Ti-Fe-V) deposits in the Duluth Complex, are the outcomes of specific geological events unique to the Lake Superior region.",NA; mineral wealth; Northern Minnesota; geology; mineral resources; Duluth Complex,NA,Northern Minnesota,NA; field research; academic research; drilling program,DM Peterson - 2023 - naturalresources.house.gov,2023,"Mineral deposits are formed as end products of a wide variety of Earth processes and reflect, in essence, a tapestry of time, processes, and geologic terranes. Geologists have long used ‚Ä¶",https://naturalresources.house.gov/uploadedfiles/dean_peterson_testimony.pdf,16,URL:pdf,NA,"Peterson, Dean M.",928,"Peterson, Dean M.",NA,661,4,532
"This row contains universities parsed out of the text of this house of representatives testimony. They got a phd from University of Minnesota, but only a 'Ph.D committee member for a University of Michigan student' They are primarily associated with their company in this context. So drop this row in favor of row 532",1,,https://naturalresources.house.gov/uploadedfiles/dean_peterson_testimony.pdf,SUBCOMMITTEE ON ENERGY AND MINERAL RESOURCES NATURAL RESOURCES COMMITTEE UNITES STATES HOUSE OF REPRESENTATIVES May ‚Ä¶,NA,NA,Written Testimony on ‚ÄúExamining the Mineral Wealth of Northern Minnesota‚Äù,NA,NA,2023,Dean M. Peterson (Big Rock Exploration),Big Rock Exploration; University of Minnesota; University of Michigan,"This written testimony will attempt, in general terms, to explain how Northern Minnesota‚Äôs known mineral resources, including Fe-Mn deposits within the states iron ranges and copper-nickel-cobalt-platinum group element (Cu-Ni-Co-PGE) & titanium-iron-vanadium (Ti-Fe-V) deposits in the Duluth Complex, are the outcomes of specific geological events unique to the Lake Superior region.",NA; mineral wealth; Northern Minnesota; geology; mineral resources; Duluth Complex,NA,Northern Minnesota,NA; field research; academic research; drilling program,DM Peterson - 2023 - naturalresources.house.gov,2023,"Mineral deposits are formed as end products of a wide variety of Earth processes and reflect, in essence, a tapestry of time, processes, and geologic terranes. Geologists have long used ‚Ä¶",https://naturalresources.house.gov/uploadedfiles/dean_peterson_testimony.pdf,16,URL:pdf,NA,"Peterson, Dean M.",928,"Peterson, Dean M.",NA,661,4,536
